{
  "crs": "EPSG:3857",
  "resolution_xy_m": 5.0,
  "resolution_z_m": 5.0,
  "z_min_m": 0.0,
  "z_max_m": 120.0,
  "xmin": 13380182.239447216,
  "ymin": 3533631.5970787853,
  "xmax": 13382002.357649479,
  "ymax": 3535709.177779702,
  "nx": 366,
  "ny": 417,
  "nz": 25
}